,IAM,eligible_rate,nan_rate,Complaint_Num
7,IFC_CAO,0.4600760456273764,0.14068441064638784,263.0
0,ADB_SPF_CRP,0.15315315315315314,0.036036036036036036,111.0
4,EIB_CM,0.6262626262626263,0.18181818181818182,99.0
6,IDB_MICI,0.15463917525773196,0.061855670103092786,97.0
12,WB_Panel,0.6082474226804123,0.030927835051546393,97.0
3,EBRD_PCM,0.24210526315789474,0.010526315789473684,95.0
